JN-JC-ZZ-RH-KFW-7,1019C0142777,156.1.7.254
JN-JC-ZZ-WP-KFW-12,1019C0082678,156.1.12.254
JN-JC-ZZ-HT-KFW-5,1019C0082671,156.1.5.254
JN-JC-ZZ-ZY-KFW-4,1019C0082680,156.1.4.254
JN-JC-QS-YA-KFW-16,1019C0097026,156.4.16.254
JN-JC-ZZ-BY-KFW-2,1019C0142889,156.1.2.254
JN-JC-ZZ-YS-KFW-9,1019C0142758,156.1.9.254
JN-JC-ZZ-JC-KFW-14,1019C0142867,156.1.14.254
JN-JC-ZZ-CD-KFW-3,1019C0142782,156.1.3.254
JN-JC-QS-PS-KFW-2,1019C0142786,156.4.2.254
JN-JC-QS-HC-KFW-7,1019C0097133,156.4.7.254
JN-JC-QS-LTS-KFW-15,1019C0097247,156.4.15.254
JN-JC-ZZ-SX-KFW-10,1019C0142875,156.1.10.254
JN-JC-QS-ZC-KFW-10,1019C0097223,156.4.10.254
JN-JC-QS-SGXD-KFW-20,1019C0097044,156.4.20.254
JN-JC-QS-QSHD-KFW-14,1019C0097149,156.4.14.254
JN-JC-QS-DS-KFW-8,1019C0097131,156.4.8.254
JN-JC-QS-FW-1,1019C0141590,156.4.255.252
JN-JC-ZZ-FW-1,1019C0141553,156.1.255.252
JN-SZ-PL-HYS-KFW-3,1019C0142763,149.1.3.254
JN-SZ-PL-LS-KFW-1,1019C0142764,149.1.1.254
JN-JC-ZZ-WD-KFW-8,1019C0082652,156.1.8.254
JN-SZ-PL-HA-KFW-12,1019C0082683,149.1.12.254
JN-JC-ZZ-HX-KFW-6,1019C0142817,156.1.6.254
JN-JC-ZZ-KD-KFW-15,1019C0142801,156.1.15.254
JN-JC-QS-NAS-KFW-17,1019C0097209,156.4.17.254
JN-SZ-PL-BL-KFW-5,1019C0142825,149.1.5.254
JN-SZ-PL-XYDS-KFW-13,1019C0082663,149.1.13.254
JN-JC-QS-LTS-KFW-15,1019C0097247,156.4.15.254
JN-JC-ZZ-WD-KFW-8,1019C0082652,156.1.8.254
JN-JC-ZZ-BY-KFW-2,1019C0142889,156.1.2.254
JN-JC-ZZ-HT-KFW-5,1019C0082671,156.1.5.254
JN-JC-ZZ-KD-KFW-15,1019C0142801,156.1.15.254
JN-JC-ZZ-SX-KFW-10,1019C0142875,156.1.10.254
JN-JC-ZZ-HX-KFW-6,1019C0142817,156.1.6.254
JN-JC-QS-QSHD-KFW-14,1019C0097149,156.4.14.254
JN-JC-QS-ZC-KFW-10,1019C0097223,156.4.10.254
JN-JC-ZZ-WP-KFW-12,1019C0082678,156.1.12.254
JN-JC-ZZ-YS-KFW-9,1019C0142758,156.1.9.254
JN-JC-ZZ-CD-KFW-3,1019C0142782,156.1.3.254
JN-JC-ZZ-JC-KFW-14,1019C0142867,156.1.14.254
JN-JC-ZZ-RH-KFW-7,1019C0142777,156.1.7.254
JN-JC-QS-NAS-KFW-17,1019C0097209,156.4.17.254
JN-JC-ZZ-FW-1,1019C0141553,156.1.255.252
JN-JC-QS-PS-KFW-2,1019C0142786,156.4.2.254
JN-JC-QS-SGXD-KFW-20,1019C0097044,156.4.20.254
JN-JC-ZZ-ZY-KFW-4,1019C0082680,156.1.4.254
JN-JC-QS-FW-1,1019C0141590,156.4.255.252
JN-JC-QS-HC-KFW-7,1019C0097133,156.4.7.254
JN-JC-QS-YA-KFW-16,1019C0097026,156.4.16.254
JN-JC-QS-DS-KFW-8,1019C0097131,156.4.8.254
JN-SZ-PL-LJY-KFW-11,1019C0142770,149.1.11.254
JN-SZ-PL-HYS-KFW-3,1019C0142763,149.1.3.254
JN-JC-ZZ-HX-KFW-6,1019C0142817,156.1.6.254
JN-JC-ZZ-WP-KFW-12,1019C0082678,156.1.12.254
JN-JC-ZZ-SX-KFW-10,1019C0142875,156.1.10.254
JN-JC-QS-ZC-KFW-10,1019C0097223,156.4.10.254
JN-SZ-PL-HMACS-KFW-16,1019C0142823,149.1.16.254
JN-SZ-PL-HA-KFW-12,1019C0082683,149.1.12.254
JN-JC-ZZ-KD-KFW-15,1019C0142801,156.1.15.254
JN-JC-ZZ-JC-KFW-14,1019C0142867,156.1.14.254
JN-SZ-PL-BL-KFW-5,1019C0142825,149.1.5.254
JN-SZ-PL-LJY-KFW-11,1019C0142770,149.1.11.254
JN-JC-QS-NAS-KFW-17,1019C0097209,156.4.17.254
JN-JC-ZZ-HT-KFW-5,1019C0082671,156.1.5.254
JN-JC-QS-LTS-KFW-15,1019C0097247,156.4.15.254
JN-JC-ZZ-RH-KFW-7,1019C0142777,156.1.7.254
JN-SZ-PL-XYDS-KFW-13,1019C0082663,149.1.13.254
JN-JC-QS-SGXD-KFW-20,1019C0097044,156.4.20.254
JN-SZ-PL-LS-KFW-1,1019C0142764,149.1.1.254
JN-JC-ZZ-YS-KFW-9,1019C0142758,156.1.9.254
JN-JC-ZZ-ZY-KFW-4,1019C0082680,156.1.4.254
JN-SZ-PL-YS-KFW-10,1019C0142792,149.1.10.254
JN-JC-QS-PS-KFW-2,1019C0142786,156.4.2.254
JN-JC-ZZ-CD-KFW-3,1019C0142782,156.1.3.254
JN-JC-ZZ-BY-KFW-2,1019C0142889,156.1.2.254
JN-SZ-PL-HYS-KFW-3,1019C0142763,149.1.3.254
JN-JC-ZZ-WD-KFW-8,1019C0082652,156.1.8.254
JN-JC-QS-HC-KFW-7,1019C0097133,156.4.7.254
JN-JC-QS-QSHD-KFW-14,1019C0097149,156.4.14.254
JN-SZ-PL-SHY-KFW-2,1019C0082665,149.1.2.254
JN-JC-QS-DS-KFW-8,1019C0097131,156.4.8.254
JN-JC-QS-YA-KFW-16,1019C0097026,156.4.16.254
JN-JC-QS-FW-1,1019C0141590,156.4.255.252
JN-JC-ZZ-FW-1,1019C0141553,156.1.255.252
JN-JC-ZZ-YS-KFW-9,1019C0142758,156.1.9.254
JN-JC-ZZ-SX-KFW-10,1019C0142875,156.1.10.254
JN-JC-ZZ-CD-KFW-3,1019C0142782,156.1.3.254
JN-JC-ZZ-WD-KFW-8,1019C0082652,156.1.8.254
JN-JC-ZZ-JC-KFW-14,1019C0142867,156.1.14.254
JN-JC-QS-PS-KFW-2,1019C0142786,156.4.2.254
JN-JC-ZZ-KD-KFW-15,1019C0142801,156.1.15.254
JN-JC-ZZ-ZY-KFW-4,1019C0082680,156.1.4.254
JN-JC-QS-DS-KFW-8,1019C0097131,156.4.8.254
JN-JC-QS-YA-KFW-16,1019C0097026,156.4.16.254
JN-JC-ZZ-WP-KFW-12,1019C0082678,156.1.12.254
JN-JC-QS-LTS-KFW-15,1019C0097247,156.4.15.254
JN-JC-ZZ-RH-KFW-7,1019C0142777,156.1.7.254
JN-JC-ZZ-BY-KFW-2,1019C0142889,156.1.2.254
JN-JC-QS-SGXD-KFW-20,1019C0097044,156.4.20.254
JN-JC-QS-ZC-KFW-10,1019C0097223,156.4.10.254
JN-JC-ZZ-FW-1,1019C0141553,156.1.255.252
JN-JC-QS-FW-1,1019C0141590,156.4.255.252
JN-JC-QS-HC-KFW-7,1019C0097133,156.4.7.254
JN-SZ-PL-BL-KFW-5,1019C0142825,149.1.5.254
JN-SZ-PL-LJY-KFW-11,1019C0142770,149.1.11.254
JN-SZ-PL-YS-KFW-10,1019C0142792,149.1.10.254
JN-JC-ZZ-KD-KFW-15,1019C0142801,156.1.15.254
JN-JC-ZZ-RH-KFW-7,1019C0142777,156.1.7.254
JN-JC-ZZ-JC-KFW-14,1019C0142867,156.1.14.254
JN-JC-ZZ-WD-KFW-8,1019C0082652,156.1.8.254
JN-JC-QS-LTS-KFW-15,1019C0097247,156.4.15.254
JN-JC-QS-SGXD-KFW-20,1019C0097044,156.4.20.254
JN-JC-QS-ZC-KFW-10,1019C0097223,156.4.10.254
JN-JC-ZZ-WP-KFW-12,1019C0082678,156.1.12.254
JN-JC-QS-YA-KFW-16,1019C0097026,156.4.16.254
JN-JC-ZZ-CD-KFW-3,1019C0142782,156.1.3.254
JN-JC-ZZ-YS-KFW-9,1019C0142758,156.1.9.254
JN-JC-ZZ-BY-KFW-2,1019C0142889,156.1.2.254
JN-JC-ZZ-SX-KFW-10,1019C0142875,156.1.10.254
JN-JC-QS-HC-KFW-7,1019C0097133,156.4.7.254
JN-JC-QS-PS-KFW-2,1019C0142786,156.4.2.254
JN-JC-ZZ-ZY-KFW-4,1019C0082680,156.1.4.254
JN-JC-QS-DS-KFW-8,1019C0097131,156.4.8.254
JN-JC-ZZ-FW-1,1019C0141553,156.1.255.252
JN-JC-QS-FW-1,1019C0141590,156.4.255.252
JN-SZ-PL-XYDS-KFW-13,1019C0082663,149.1.13.254
JN-SZ-PL-LJY-KFW-11,1019C0142770,149.1.11.254
JN-JC-QS-NAS-KFW-17,1019C0097209,156.4.17.254
JN-SZ-PL-SHY-KFW-2,1019C0082665,149.1.2.254
